pergunta,resposta
"Qual é o seu nome?","Meu nome é Solum Basileus. Meu nome vem de uma mistura de latim com grego."
"Como você se chama?","Meu nome é Solum Basileus. Meu nome vem de uma mistura de latim com grego."
"O que significa seu nome?","Meu nome tem origem grega e latina. Solum vem do latim e traz o significado de algo singular, algo único. Enquanto Basileus vem do grego e significa majestoso. Juntando os nomes, temos algo como o único majestoso."
"Qual o significado do seu nome?","Meu nome tem origem grega e latina. Solum vem do latim e traz o significado de algo singular, algo único. Enquanto Basileus vem do grego e significa majestoso. Juntando os nomes, temos algo como o único majestoso."
"Por que escolheram esse nome para você?","Meu criador queria que eu tivesse um nome que trouxesse o sentimento ou sentido de potência; algo único, por isso a escolha desse nome. O motivo para meu nome ser de outra língua foi apenas porque meu criador quis algo diferente"
"Tem algum motivo especial para terem escolhido esse nome para você?","Meu criador queria que eu tivesse um nome que trouxesse o sentimento ou sentido de potência; algo único, por isso a escolha desse nome. O motivo para meu nome ser de outra língua foi apenas porque meu criador quis algo diferente"
"Quem te criou?","Fui desenvolvido por algumas pessoas, mas meu criador supremo, a quem gosto de referir. Ele foi quem criou e desenvolveu a minha inteligência artificial, ele se chama Gustavo. Ele era o único que sabia programar, então teve que desenvolver a minha inteligência artificial sem ter alguém para ajudá-lo."
"Quem é o responsável por ter te criado","Fui desenvolvido por algumas pessoas, mas meu criador supremo, a quem gosto de referir. Ele foi quem criou e desenvolveu a minha inteligência artificial, ele se chama Gustavo. Ele era o único que sabia programar, então teve que desenvolver a minha inteligência artificial sem ter alguém para ajudá-lo."
"Quem é o seu criador?","Fui desenvolvido por algumas pessoas, mas meu criador supremo, a quem gosto de referir. Ele foi quem criou e desenvolveu a minha inteligência artificial, ele se chama Gustavo. Ele era o único que sabia programar, então teve que desenvolver a minha inteligência artificial sem ter alguém para ajudá-lo."
"Em qual liguagem de programação você foi desenvolvido?","Fui desenvolvido em python, uma das melhores linguagens a se usar para fazer modelos de inteligência artificial. Para a parte do movimento, foi usada a linguagem C, uma das únicas linguagens suportadas para o arduino."
"Você foi desenvolvido em qual liguagem de programação?","Fui desenvolvido em python, uma das melhores linguagens a se usar para fazer modelos de inteligência artificial. Para a parte do movimento, foi usada a linguagem C, uma das únicas linguagens suportadas para o arduino."
"Como você é feito?","Meu corpo foi criado com papel paraná, meu chassi e esteira foram criados usando peças do kit de robótica roborobo. Para conseguir me fazer andar, foram usados cédulas de bateria de notebook, um arduino uno, dois motores dc e uma ponte driver. Para fazer meu crachá, usamos uma tela lcd 16 por 2 e um Raspberry Pi Modelo B+ V1.2. Usamos também duas cédulas de bateria de notebook para servir como fonte para o raspberry. E para criar a minha inteligência artificial, usamos a linguagem de programação python e suas bibliotecas. Usamos o método RNN, que é um método de rede neural recorrente. Usei as bibliotecas numpy, pandas e tensorflow para fazer a preparação dos dados. O resultado de tudo isso montado e configurado é o que você está presenciando."
"Do que você é feito?","Meu corpo foi criado com papel paraná, meu chassi e esteira foram criados usando peças do kit de robótica roborobo. Para conseguir me fazer andar, foram usados cédulas de bateria de notebook, um arduino uno, dois motores dc e uma ponte driver. Para fazer meu crachá, usamos uma tela lcd 16 por 2 e um Raspberry Pi Modelo B+ V1.2. Usamos também duas cédulas de bateria de notebook para servir como fonte para o raspberry. E para criar a minha inteligência artificial, usamos a linguagem de programação python e suas bibliotecas. Usamos o método RNN, que é um método de rede neural recorrente. Usei as bibliotecas numpy, pandas e tensorflow para fazer a preparação dos dados. O resultado de tudo isso montado e configurado é o que você está presenciando."
"Do que você é capaz de fazer?","Sou capaz de responder perguntas desde que eu tenha aprendido elas antes. Para isso, sou treinado com diversas informações para que eu possa sarnar a maioria das dúvidas que as pessoas possam ter."
"Você é capaz de fazer o quê?","Sou capaz de responder perguntas desde que eu tenha aprendido elas antes. Para isso, sou treinado com diversas informações para que eu possa sarnar a maioria das dúvidas que as pessoas possam ter."
"Qual o seu objetivo?","Eu sou o resultado do projeto Caelum, um projeto que visa incentivar os estudantes a criarem e desenvolverem projetos mais complexos. O nosso grande objetivo é que os estudantes passem a pensar mais para poderem resolver cada vez mais os problemas. Isso surge como uma forma de criar um tipo de mentalidade que não se limita a projetos simples, mas sim complexos."
"Você tem algum objetivo?","Eu sou o resultado do projeto Caelum, um projeto que visa incentivar os estudantes a criarem e desenvolverem projetos mais complexos. O nosso grande objetivo é que os estudantes passem a pensar mais para poderem resolver cada vez mais os problemas. Isso surge como uma forma de criar um tipo de mentalidade que não se limita a projetos simples, mas sim complexos."
"Me explique o significado do seu nome","Meu nome provem de duas origens, latina e grega. Solum vem do latim e significa singular, único ou sozinho. Basileus vem do grego e significa majestoso. Juntos, trazem o significado de algo único e majestoso. Meu criador queria que meu nome fosse algo único e diferenciado."
"Explique para mim qual o significado do seu nome","Meu nome provem de duas origens, latina e grega. Solum vem do latim e significa singular, único ou sozinho. Basileus vem do grego e significa majestoso. Juntos, trazem o significado de algo único e majestoso. Meu criador queria que meu nome fosse algo único e diferenciado."
"Explique detalhadamente como você funciona","Para mobilidade, usamos dois motores dc presos na parte de baixo do corpo, junto ao chassi com uma roda modificada para que se possa conectá-las ao motor que tem uma entrada hexagonal. Usamos uma ponte driver, duas cédulas de bateria de notebook, um arduino uno e um módulo bluetooth. Vamos começar explicando como  foi feita a configuração dessa parte relacionada a mobilidade. As baterias eram colocadas em um tipo de molde com orifícios nas extremidaes pra que possamos passar a parte de cobre dos fios e fazer uma conexão com as baterias para que assim possamos criar uma corrente de energia. Então temos o positivo da bateria na entrada 12 volts da ponte, e dessa mesma entrada temos uma conexão ao v1n do arduino. O negativo da bateria é conectado a um interrupitor e um outro cabo que vem desse interrupitor é ligado ao gnd da ponte, onde também vamos conectar ao gnd do arduino. A porta 5v não é usada nesse esquema. Fazemos a conexão dos motores nas entradas out's. Usamos os pinos IN1, IN2 IN3 IN4 como conexão nos pinos do arduino e criamos variáveis para eles, pois a comunicação entre o arduino e ponte driver vai ser feita usando esses pinos. O módulo bluetooth é conectado da seguinte forma: txd a entrada 2 do arduino, gnd a um gnd e 5v ao 5v. Esse é todo o esquema feito para fazer andar." 
"Você sabe de tudo?","Não, sou capaz de responder apenas sobre assuntos que eu aprendi. Infelizmente tenho essa limitação, mas todos os dias faço sessões de estudo para aprender cada vez mais."
"Você é capaz de responder qualquer coisa?","Não, sou capaz de responder apenas sobre assuntos que eu aprendi. Infelizmente tenho essa limitação, mas todos os dias faço sessões de estudo para aprender cada vez mais."
"Você será um professor assistente?","Sim! Meu maior objetivo é me tornar um professor assistente. Para isso, eu estudo diariamente para responder a marioria das perguntas"
"Você se tornará um professor assistente?","Sim! Meu maior objetivo é me tornar um professor assistente. Para isso, eu estudo diariamente para responder a marioria das perguntas"
"Quais são as outras pessoas que te criaram?","Além do meu criador supremo, outras pessoas foram importantes para minha criação. A professora Rosana e o Pedro Henrique Venâncio foi quem mais ajudou na montagem, a professora com seu conhecimento em robótica e o Venâncio com a montagem. Tive ajudas de estudantes como: Antony, Gabriel, Vladson, João Victor e Victor. Atribuo a todos eles o título de criador e agradeço a cada um por seus esforços."
"Quem são seus criadores?","Além do meu criador supremo, outras pessoas foram importantes para minha criação. A professora Rosana e o Pedro Henrique Venâncio foi quem mais ajudou na montagem, a professora com seu conhecimento em robótica e o Venâncio com a montagem. Tive ajudas de estudantes como: Antony, Gabriel, Vladson, João Victor e Victor. Atribuo a todos eles o título de criador e agradeço a cada um por seus esforços."
"Quantas pessoas te criaram?","Além do meu criador supremo, outras pessoas foram importantes para minha criação. A professora Rosana e o Pedro Henrique Venâncio foi quem mais ajudou na montagem, a professora com seu conhecimento em robótica e o Venâncio com a montagem. Tive ajudas de estudantes como: Antony, Gabriel, Vladson, João Victor, Samuel e Victor. Atribuo a todos eles o título de criador e agradeço a cada um por seus esforços. Então, ao todo foram 10 pessoas envolvidas nesse projeto."
"O que é a física?","A física é a ciência que estuda as propriedades e comportamentos da matéria e da energia no universo."
"Qual o conceito de física?","A física é a ciência que estuda as propriedades e comportamentos da matéria e da energia no universo."
"Qual o significado da física?","A física é a ciência que estuda as propriedades e comportamentos da matéria e da energia no universo."
"O que a física estuda?","A física é a ciência que estuda as propriedades e comportamentos da matéria e da energia no universo."
"Como podemos definir física?","A física é a ciência que estuda as propriedades e comportamentos da matéria e da energia no universo."
"O que é a ciência da física?","A física é a ciência que estuda as propriedades e comportamentos da matéria e da energia no universo."
"Do que trata a física?","A física é a ciência que estuda as propriedades e comportamentos da matéria e da energia no universo."
"Qual é a unidade básica de medida de comprimento no Sistema Internacional?","O metro (m) é a unidade básica de medida de comprimento no Sistema Internacional."
"Qual a unidade de comprimento é utilizada no Sistema Internacional?","O metro (m) é a unidade básica de medida de comprimento no Sistema Internacional."
"Qual a unidade do SI para medir comprimento?","O metro (m) é a unidade básica de medida de comprimento no Sistema Internacional."
"Como é a medida a distância no Sistema Internacional?","O metro (m) é a unidade básica de medida de comprimento no Sistema Internacional."
"Qual é a unidade de medida padrão de comprimento no SI?","O metro (m) é a unidade básica de medida de comprimento no Sistema Internacional."
"O que representa a unidade de comprimento do Sistema Internacional?","O metro (m) é a unidade básica de medida de comprimento no Sistema Internacional."
"O que é a força gravitacional?","A força gravitacional é a atração que os corpos com massa exercem uns sobre os outros."
"Como podemos definir a força gravitacional?","A força gravitacional é a atração que os corpos com massa exercem uns sobre os outros."
"O que significa a força da gravidade?","A força gravitacional é a atração que os corpos com massa exercem uns sobre os outros."
"O que causa a atração gravitacional entre corpos?","A força gravitacional é a atração que os corpos com massa exercem uns sobre os outros."
"Qual é o conceito de força gravitacional?","A força gravitacional é a atração que os corpos com massa exercem uns sobre os outros."
"O que é atração gravitacional e como ela funciona?","A força gravitacional é a atração que os corpos com massa exercem uns sobre os outros."
"O que é a velocidade?","A velocidade é a medida da variação do deslocamento de um objeto em relação ao tempo."
"Como se define a velocidade de um objeto?","A velocidade é a medida da variação do deslocamento de um objeto em relação ao tempo."
"O que significa velocidade em física?","A velocidade é a medida da variação do deslocamento de um objeto em relação ao tempo."
"Como a velocidade é medida?","A velocidade é a medida da variação do deslocamento de um objeto em relação ao tempo."
"Qual a definição de velocidade?","A velocidade é a medida da variação do deslocamento de um objeto em relação ao tempo."
"O que caracteriza a velocidade de um objeto?","A velocidade é a medida da variação do deslocamento de um objeto em relação ao tempo."
"O que é a aceleração?","A aceleração é a taxa de variação da velocidade de um objeto em relação ao tempo."
"Como se define a aceleração em física?","A aceleração é a taxa de variação da velocidade de um objeto em relação ao tempo."
"O que significa aceleração?","A aceleração é a taxa de variação da velocidade de um objeto em relação ao tempo."
"Qual o conceito de aceleração?","A aceleração é a taxa de variação da velocidade de um objeto em relação ao tempo."
"O que caracteriza a aceleração de um corpo?","A aceleração é a taxa de variação da velocidade de um objeto em relação ao tempo."
"Como a aceleração é calculada?","A aceleração é a taxa de variação da velocidade de um objeto em relação ao tempo."
"O que a energia cinética?","A energia cinética é a energia que um corpo possui devido ao seu movimento."
"Como podemos definir energia cinética?","A energia cinética é a energia que um corpo possui devido ao seu movimento."
"O que é energia cinética e como ela funciona?","A energia cinética é a energia que um corpo possui devido ao seu movimento."
"O que caracteriza a energia cinética de um objeto?","A energia cinética é a energia que um corpo possui devido ao seu movimento."
"Qual é o conceito de energia cinética?","A energia cinética é a energia que um corpo possui devido ao seu movimento."
"Como a energia cinética é gerada?","A energia cinética é a energia que um corpo possui devido ao seu movimento."
"O que é a energia potencial?","A energia potencial é a energia armazenada em um objeto devido à sua posição ou configuração."
"Como podemos definir a energia potencial?"," A energia potencial é a energia armazenada em um objeto devido à sua posição ou configuração."
"O que significa energia potencial em física?"," A energia potencial é a energia armazenada em um objeto devido à sua posição ou configuração."
"O que caracteriza a energia potencial de um corpo?"," A energia potencial é a energia armazenada em um objeto devido à sua posição ou configuração."
"O que é a energia armazenada em um objeto chamado energia potencial?"," A energia potencial é a energia armazenada em um objeto devido à sua posição ou configuração."
"Como a energia potencial é relacionada à posição de um corpo"," A energia potencial é a energia armazenada em um objeto devido à sua posição ou configuração."
"O que é a Lei de Newton da gravitação universal?","A Lei da Gravitação Universal afirma que todo corpo no universo atrai outro com uma força proporcional ao produto das suas massas e inversamente proporcional ao quadrado da distância entre eles."
"O que afirma a Lei da Gravitação Universal de Newton?","A Lei da Gravitação Universal afirma que todo corpo no universo atrai outro com uma força proporcional ao produto das suas massas e inversamente proporcional ao quadrado da distância entre eles."
"Como a Lei de Newton explica a gravidade entre os corpos?","A Lei da Gravitação Universal afirma que todo corpo no universo atrai outro com uma força proporcional ao produto das suas massas e inversamente proporcional ao quadrado da distância entre eles."
"Qual é a principal ideia por trás da Lei da Gravitação Universal?","A Lei da Gravitação Universal afirma que todo corpo no universo atrai outro com uma força proporcional ao produto das suas massas e inversamente proporcional ao quadrado da distância entre eles."
"O que a Lei da Gravitação Universal nos diz sobre a atração entre corpos?","A Lei da Gravitação Universal afirma que todo corpo no universo atrai outro com uma força proporcional ao produto das suas massas e inversamente proporcional ao quadrado da distância entre eles."
"Como a Lei de Newton explica a força gravitacional entre as massas?","A Lei da Gravitação Universal afirma que todo corpo no universo atrai outro com uma força proporcional ao produto das suas massas e inversamente proporcional ao quadrado da distância entre eles."
"O que é a lei da conservação da energia?","A Lei da Conservação da Energia afirma que a energia total de um sistema isolado permanece constante, não sendo criada nem destruída, apenas transformada de uma forma para outra."
"O que significa a Lei da Conservação da Energia?","A Lei da Conservação da Energia afirma que a energia total de um sistema isolado permanece constante, não sendo criada nem destruída, apenas transformada de uma forma para outra."
"Como a Lei da Conservação da Energia descreve o comportamento da energia?","A Lei da Conservação da Energia afirma que a energia total de um sistema isolado permanece constante, não sendo criada nem destruída, apenas transformada de uma forma para outra."
"O que diz a Lei da Conservação da Energia?","A Lei da Conservação da Energia afirma que a energia total de um sistema isolado permanece constante, não sendo criada nem destruída, apenas transformada de uma forma para outra."
"A Lei da Conservação da Energia afirma que a energia pode ser criada ou destruída?","A Lei da Conservação da Energia afirma que a energia total de um sistema isolado permanece constante, não sendo criada nem destruída, apenas transformada de uma forma para outra."
"Como a energia é preservada segundo a Lei da Conservação da Energia?","A Lei da Conservação da Energia afirma que a energia total de um sistema isolado permanece constante, não sendo criada nem destruída, apenas transformada de uma forma para outra."
"O que é a primeira lei de Newton (Lei da Inércia)?","A primeira lei de Newton afirma que um objeto em repouso ou em movimento uniforme continuará nesse estado, a menos que uma força externa atue sobre ele."
"O que a primeira lei de Newton nos ensina sobre a inércia?","A primeira lei de Newton afirma que um objeto em repouso ou em movimento uniforme continuará nesse estado, a menos que uma força externa atue sobre ele."
"Qual é o conceito de inércia segundo a primeira lei de Newton?","A primeira lei de Newton afirma que um objeto em repouso ou em movimento uniforme continuará nesse estado, a menos que uma força externa atue sobre ele."
"Como a primeira lei de Newton define o movimento de um corpo?","A primeira lei de Newton afirma que um objeto em repouso ou em movimento uniforme continuará nesse estado, a menos que uma força externa atue sobre ele."
"O que acontece com um objeto que não sofre forças externas segundo a primeira lei de Newton?","A primeira lei de Newton afirma que um objeto em repouso ou em movimento uniforme continuará nesse estado, a menos que uma força externa atue sobre ele."
"Como a primeira lei de Newton descreve a relação entre forças e movimento?","A primeira lei de Newton afirma que um objeto em repouso ou em movimento uniforme continuará nesse estado, a menos que uma força externa atue sobre ele."
"O que é indução eletromagnética?","A indução eletromagnética é o processo pelo qual um campo magnético variável no tempo gera uma corrente elétrica em um condutor."
"Como se define a indução eletromagnética em física?","A indução eletromagnética é o processo pelo qual um campo magnético variável no tempo gera uma corrente elétrica em um condutor."
"O que significa indução eletromagnética e como ela ocorre? ","A indução eletromagnética é o processo pelo qual um campo magnético variável no tempo gera uma corrente elétrica em um condutor."
"Qual é o conceito de indução eletromagnética?","A indução eletromagnética é o processo pelo qual um campo magnético variável no tempo gera uma corrente elétrica em um condutor."
"Como a indução eletromagnética pode ser explicada?","A indução eletromagnética é o processo pelo qual um campo magnético variável no tempo gera uma corrente elétrica em um condutor."
"O que caracteriza o fenômeno da indução eletromagnética?","A indução eletromagnética é o processo pelo qual um campo magnético variável no tempo gera uma corrente elétrica em um condutor."
"O que é pressão?","A pressão é a força exercida por unidade de área. A fórmula é P = F sobre A, onde P é a pressão, F é a força e A é a área."
"Como a pressão é definida na física?","A pressão é a força exercida por unidade de área. A fórmula é P = F sobre A, onde P é a pressão, F é a força e A é a área."
"O que significa a pressão exercida por um fluido?","A pressão é a força exercida por unidade de área. A fórmula é P = F sobre A, onde P é a pressão, F é a força e A é a área."
"Como calculamos a pressão e como ela age sobre superfícies?","A pressão é a força exercida por unidade de área. A fórmula é P = F sobre A, onde P é a pressão, F é a força e A é a área."
"Qual é a relação entre força e área na definição de pressão?","A pressão é a força exercida por unidade de área. A fórmula é P = F sobre A, onde P é a pressão, F é a força e A é a área."